team_code,coaches_codes
ARCMTEAM3---CHN01,
ARCMTEAM3---COL01,
ARCMTEAM3---FRA01,
ARCMTEAM3---GBR01,
ARCMTEAM3---IND01,
ARCMTEAM3---ITA01,
ARCMTEAM3---JPN01,
ARCMTEAM3---KAZ01,
ARCMTEAM3---KOR01,
ARCMTEAM3---MEX01,
ARCMTEAM3---TPE01,
ARCMTEAM3---TUR01,
ARCWTEAM3---CHN01,
ARCWTEAM3---FRA01,
ARCWTEAM3---GBR01,
ARCWTEAM3---GER01,
ARCWTEAM3---INA01,
ARCWTEAM3---IND01,
ARCWTEAM3---KOR01,
ARCWTEAM3---MAS01,
ARCWTEAM3---MEX01,
ARCWTEAM3---NED01,
ARCWTEAM3---TPE01,
ARCWTEAM3---USA01,
ARCXTEAM2---AUS01,
ARCXTEAM2---BRA01,
ARCXTEAM2---CAN01,
ARCXTEAM2---CHN01,
ARCXTEAM2---COL01,
ARCXTEAM2---CZE01,
ARCXTEAM2---EGY01,
ARCXTEAM2---ESP01,
ARCXTEAM2---FRA01,
ARCXTEAM2---GBR01,
ARCXTEAM2---GER01,
ARCXTEAM2---INA01,
ARCXTEAM2---IND01,
ARCXTEAM2---ISR01,
ARCXTEAM2---ITA01,
ARCXTEAM2---JPN01,
ARCXTEAM2---KOR01,
ARCXTEAM2---MDA01,
ARCXTEAM2---MEX01,
ARCXTEAM2---NED01,
ARCXTEAM2---SLO01,
ARCXTEAM2---TPE01,
ARCXTEAM2---TUR01,
ARCXTEAM2---UKR01,
ARCXTEAM2---USA01,
ARCXTEAM2---UZB01,
ARCXTEAM2---VIE01,
ATHM4X100M--AUS01,
ATHM4X100M--BRA01,
ATHM4X100M--CAN01,
ATHM4X100M--CHN01,
ATHM4X100M--FRA01,
ATHM4X100M--GBR01,
ATHM4X100M--GER01,
ATHM4X100M--GHA01,
ATHM4X100M--ITA01,
ATHM4X100M--JAM01,
ATHM4X100M--JPN01,
ATHM4X100M--LBR01,
ATHM4X100M--NED01,
ATHM4X100M--NGR01,
ATHM4X100M--RSA01,
ATHM4X100M--USA01,
ATHM4X400M--BEL01,
ATHM4X400M--BOT01,
ATHM4X400M--BRA01,
ATHM4X400M--ESP01,
ATHM4X400M--FRA01,
ATHM4X400M--GBR01,
ATHM4X400M--GER01,
ATHM4X400M--IND01,
ATHM4X400M--ITA01,
ATHM4X400M--JPN01,
ATHM4X400M--NGR01,
ATHM4X400M--POL01,
ATHM4X400M--RSA01,
ATHM4X400M--TTO01,
ATHM4X400M--USA01,
ATHM4X400M--ZAM01,
ATHW4X100M--AUS01,
ATHW4X100M--BEL01,
ATHW4X100M--CAN01,
ATHW4X100M--CIV01,
ATHW4X100M--ESP01,
ATHW4X100M--FRA01,
ATHW4X100M--GBR01,
ATHW4X100M--GER01,
ATHW4X100M--ITA01,
ATHW4X100M--JAM01,
ATHW4X100M--NED01,
ATHW4X100M--NGR01,
ATHW4X100M--POL01,
ATHW4X100M--SUI01,
ATHW4X100M--TTO01,
ATHW4X100M--USA01,
ATHW4X400M--BEL01,
ATHW4X400M--CAN01,
ATHW4X400M--CUB01,
ATHW4X400M--ESP01,
ATHW4X400M--FRA01,
ATHW4X400M--GBR01,
ATHW4X400M--GER01,
ATHW4X400M--IND01,
ATHW4X400M--IRL01,
ATHW4X400M--ITA01,
ATHW4X400M--JAM01,
ATHW4X400M--NED01,
ATHW4X400M--NOR01,
ATHW4X400M--POL01,
ATHW4X400M--SUI01,
ATHW4X400M--USA01,
ATHX42KWALKTAUS01,
ATHX42KWALKTAUS02,
ATHX42KWALKTBRA01,
ATHX42KWALKTCAN01,
ATHX42KWALKTCHN01,
ATHX42KWALKTCHN02,
ATHX42KWALKTCOL01,
ATHX42KWALKTCOL02,
ATHX42KWALKTCZE01,
ATHX42KWALKTECU01,
ATHX42KWALKTESP01,
ATHX42KWALKTESP02,
ATHX42KWALKTFRA01,
ATHX42KWALKTGER01,
ATHX42KWALKTHUN01,
ATHX42KWALKTIND01,
ATHX42KWALKTITA01,
ATHX42KWALKTJPN01,
ATHX42KWALKTJPN02,
ATHX42KWALKTMEX01,
ATHX42KWALKTPER01,
ATHX42KWALKTPOL01,
ATHX42KWALKTSVK01,
ATHX42KWALKTTUR01,
ATHX42KWALKTUKR01,
ATHX4X400M--BAH01,
ATHX4X400M--BEL01,
ATHX4X400M--DOM01,
ATHX4X400M--FRA01,
ATHX4X400M--GBR01,
ATHX4X400M--GER01,
ATHX4X400M--IRL01,
ATHX4X400M--ITA01,
ATHX4X400M--JAM01,
ATHX4X400M--KEN01,
ATHX4X400M--NED01,
ATHX4X400M--NGR01,
ATHX4X400M--POL01,
ATHX4X400M--SUI01,
ATHX4X400M--UKR01,
ATHX4X400M--USA01,
BDMMDOUBLES-CAN01,
BDMMDOUBLES-CHN01,
BDMMDOUBLES-CHN02,
BDMMDOUBLES-CZE01,
BDMMDOUBLES-DEN01,
BDMMDOUBLES-FRA01,
BDMMDOUBLES-FRA02,
BDMMDOUBLES-GBR01,
BDMMDOUBLES-GER01,
BDMMDOUBLES-INA01,
BDMMDOUBLES-IND01,
BDMMDOUBLES-JPN01,
BDMMDOUBLES-KOR01,
BDMMDOUBLES-MAS01,
BDMMDOUBLES-THA01,
BDMMDOUBLES-TPE01,
BDMMDOUBLES-USA01,
BDMWDOUBLES-AUS01,
BDMWDOUBLES-BUL01,
BDMWDOUBLES-CHN01,
BDMWDOUBLES-CHN02,
BDMWDOUBLES-DEN01,
BDMWDOUBLES-FRA01,
BDMWDOUBLES-HKG01,
BDMWDOUBLES-INA01,
BDMWDOUBLES-IND01,
BDMWDOUBLES-JPN01,
BDMWDOUBLES-JPN02,
BDMWDOUBLES-KOR01,
BDMWDOUBLES-KOR02,
BDMWDOUBLES-MAS01,
BDMWDOUBLES-THA01,
BDMWDOUBLES-USA01,
BDMXDOUBLES-ALG01,
BDMXDOUBLES-CHN01,
BDMXDOUBLES-CHN02,
BDMXDOUBLES-DEN01,
BDMXDOUBLES-FRA01,
BDMXDOUBLES-HKG01,
BDMXDOUBLES-INA01,
BDMXDOUBLES-JPN01,
BDMXDOUBLES-KOR01,
BDMXDOUBLES-KOR02,
BDMXDOUBLES-MAS01,
BDMXDOUBLES-NED01,
BDMXDOUBLES-SGP01,
BDMXDOUBLES-THA01,
BDMXDOUBLES-TPE01,
BDMXDOUBLES-USA01,
BK3MTEAM3---CHN01,
BK3MTEAM3---FRA01,
BK3MTEAM3---LAT01,
BK3MTEAM3---LTU01,
BK3MTEAM3---NED01,
BK3MTEAM3---POL01,
BK3MTEAM3---SRB01,
BK3MTEAM3---USA01,
BK3WTEAM3---AUS01,
BK3WTEAM3---AZE01,
BK3WTEAM3---CAN01,
BK3WTEAM3---CHN01,
BK3WTEAM3---ESP01,
BK3WTEAM3---FRA01,
BK3WTEAM3---GER01,
BK3WTEAM3---USA01,
BKBMTEAM5---AUS01,"['1940074', '1940088']"
BKBMTEAM5---BRA01,"['1952532', '3430822']"
BKBMTEAM5---CAN01,"['1974756', '1974760']"
BKBMTEAM5---ESP01,"['1958754', '1958763']"
BKBMTEAM5---FRA01,"['1573668', '1573669']"
BKBMTEAM5---GER01,"['1898944', '1898959']"
BKBMTEAM5---GRE01,"['1968531', '1968540']"
BKBMTEAM5---JPN01,"['1901849', '1901850']"
BKBMTEAM5---PUR01,"['1564323', '1564325']"
BKBMTEAM5---SRB01,"['1948431', '1948433']"
BKBMTEAM5---SSD01,"['1973576', '1975398']"
BKBMTEAM5---USA01,"['1954482', '1954484']"
BKBWTEAM5---AUS01,"['1940075', '1940093']"
BKBWTEAM5---BEL01,"['1903833', '1949874']"
BKBWTEAM5---CAN01,"['1974755', '1974766']"
BKBWTEAM5---CHN01,"['1901805', '1901818']"
BKBWTEAM5---ESP01,"['1958756', '1958758']"
BKBWTEAM5---FRA01,"['1573466', '1573467']"
BKBWTEAM5---GER01,"['1898950', '1898951']"
BKBWTEAM5---JPN01,"['1901836', '1901839']"
BKBWTEAM5---NGR01,"['1935326', '1986732']"
BKBWTEAM5---PUR01,"['1550039', '1550047']"
BKBWTEAM5---SRB01,"['1948750', '1948752']"
BKBWTEAM5---USA01,"['1954501', '1954503']"
CSPMC2-500M-AIN01,
CSPMC2-500M-ANG01,
CSPMC2-500M-BRA01,
CSPMC2-500M-CHN01,
CSPMC2-500M-CZE01,
CSPMC2-500M-ESP01,
CSPMC2-500M-FRA01,
CSPMC2-500M-GER01,
CSPMC2-500M-HUN01,
CSPMC2-500M-ITA01,
CSPMC2-500M-KAZ01,
CSPMC2-500M-NZL01,
CSPMC2-500M-ROU01,
CSPMK2-500M-AUS01,
CSPMK2-500M-CAN01,
CSPMK2-500M-CHN01,
CSPMK2-500M-CZE01,
CSPMK2-500M-ESP01,
CSPMK2-500M-ESP02,
CSPMK2-500M-GER01,
CSPMK2-500M-GER02,
CSPMK2-500M-HUN01,
CSPMK2-500M-HUN02,
CSPMK2-500M-KAZ01,
CSPMK2-500M-LTU01,
CSPMK2-500M-NZL01,
CSPMK2-500M-POL01,
CSPMK2-500M-POR01,
CSPMK2-500M-RSA01,
CSPMK2-500M-SRB01,
CSPMK2-500M-SRB02,
CSPMK2-500M-UKR01,
CSPMK2-500M-USA01,
CSPMK4-500M-AUS01,
CSPMK4-500M-CAN01,
CSPMK4-500M-CHN01,
CSPMK4-500M-DEN01,
CSPMK4-500M-ESP01,
CSPMK4-500M-GER01,
CSPMK4-500M-HUN01,
CSPMK4-500M-LTU01,
CSPMK4-500M-NZL01,
CSPMK4-500M-SRB01,
CSPMK4-500M-UKR01,
CSPWC2-500M-CAN01,
CSPWC2-500M-CHI01,
CSPWC2-500M-CHN01,
CSPWC2-500M-CUB01,
CSPWC2-500M-ESP01,
CSPWC2-500M-FRA01,
CSPWC2-500M-GER01,
CSPWC2-500M-HUN01,
CSPWC2-500M-KAZ01,
CSPWC2-500M-MDA01,
CSPWC2-500M-NGR01,
CSPWC2-500M-POL01,
CSPWC2-500M-UKR01,
CSPWK2-500M-AUS01,
CSPWK2-500M-BEL01,
CSPWK2-500M-CAN01,
CSPWK2-500M-CHN01,
CSPWK2-500M-DEN01,
CSPWK2-500M-ESP01,
CSPWK2-500M-FRA01,
CSPWK2-500M-GER01,
CSPWK2-500M-GER02,
CSPWK2-500M-HUN01,
CSPWK2-500M-HUN02,
CSPWK2-500M-MEX01,
CSPWK2-500M-NED01,
CSPWK2-500M-NOR01,
CSPWK2-500M-NZL01,
CSPWK2-500M-NZL02,
CSPWK2-500M-POL01,
CSPWK2-500M-POL02,
CSPWK2-500M-RSA01,
CSPWK2-500M-SWE01,
CSPWK4-500M-AUS01,
CSPWK4-500M-CAN01,
CSPWK4-500M-CHN01,
CSPWK4-500M-ESP01,
CSPWK4-500M-GER01,
CSPWK4-500M-HUN01,
CSPWK4-500M-NOR01,
CSPWK4-500M-NZL01,
CSPWK4-500M-POL01,
CSPWK4-500M-SRB01,
CTRMMADISON-AUS01,
CTRMMADISON-AUT01,
CTRMMADISON-BEL01,
CTRMMADISON-CAN01,
CTRMMADISON-CZE01,
CTRMMADISON-DEN01,
CTRMMADISON-ESP01,
CTRMMADISON-FRA01,
CTRMMADISON-GBR01,
CTRMMADISON-GER01,
CTRMMADISON-ITA01,
CTRMMADISON-JPN01,
CTRMMADISON-NED01,
CTRMMADISON-NZL01,
CTRMMADISON-POR01,
CTRMPURTEAM4AUS01,
CTRMPURTEAM4BEL01,
CTRMPURTEAM4CAN01,
CTRMPURTEAM4DEN01,
CTRMPURTEAM4FRA01,
CTRMPURTEAM4GBR01,
CTRMPURTEAM4GER01,
CTRMPURTEAM4ITA01,
CTRMPURTEAM4JPN01,
CTRMPURTEAM4NZL01,
CTRMSPRTEAM3AUS01,
CTRMSPRTEAM3CAN01,
CTRMSPRTEAM3CHN01,
CTRMSPRTEAM3FRA01,
CTRMSPRTEAM3GBR01,
CTRMSPRTEAM3GER01,
CTRMSPRTEAM3JPN01,
CTRMSPRTEAM3NED01,
CTRWMADISON-AUS01,
CTRWMADISON-BEL01,
CTRWMADISON-CAN01,
CTRWMADISON-DEN01,
CTRWMADISON-FRA01,
CTRWMADISON-GBR01,
CTRWMADISON-GER01,
CTRWMADISON-IRL01,
CTRWMADISON-ITA01,
CTRWMADISON-JPN01,
CTRWMADISON-NED01,
CTRWMADISON-NZL01,
CTRWMADISON-POL01,
CTRWMADISON-SUI01,
CTRWMADISON-USA01,
CTRWPURTEAM4AUS01,
CTRWPURTEAM4CAN01,
CTRWPURTEAM4FRA01,
CTRWPURTEAM4GBR01,
CTRWPURTEAM4GER01,
CTRWPURTEAM4IRL01,
CTRWPURTEAM4ITA01,
CTRWPURTEAM4JPN01,
CTRWPURTEAM4NZL01,
CTRWPURTEAM4USA01,
CTRWSPRTEAM3CAN01,
CTRWSPRTEAM3CHN01,
CTRWSPRTEAM3GBR01,
CTRWSPRTEAM3GER01,
CTRWSPRTEAM3MEX01,
CTRWSPRTEAM3NED01,
CTRWSPRTEAM3NZL01,
CTRWSPRTEAM3POL01,
DIVM10MTEAM2AUS01,
DIVM10MTEAM2CAN01,
DIVM10MTEAM2CHN01,
DIVM10MTEAM2FRA01,
DIVM10MTEAM2GBR01,
DIVM10MTEAM2GER01,
DIVM10MTEAM2MEX01,
DIVM10MTEAM2UKR01,
DIVM3MTEAM2-CHN01,
DIVM3MTEAM2-ESP01,
DIVM3MTEAM2-FRA01,
DIVM3MTEAM2-GBR01,
DIVM3MTEAM2-ITA01,
DIVM3MTEAM2-MEX01,
DIVM3MTEAM2-UKR01,
DIVM3MTEAM2-USA01,
DIVW10MTEAM2CAN01,
DIVW10MTEAM2CHN01,
DIVW10MTEAM2FRA01,
DIVW10MTEAM2GBR01,
DIVW10MTEAM2MEX01,
DIVW10MTEAM2PRK01,
DIVW10MTEAM2UKR01,
DIVW10MTEAM2USA01,
DIVW3MTEAM2-AUS01,
DIVW3MTEAM2-CHN01,
DIVW3MTEAM2-FRA01,
DIVW3MTEAM2-GBR01,
DIVW3MTEAM2-GER01,
DIVW3MTEAM2-ITA01,
DIVW3MTEAM2-UKR01,
DIVW3MTEAM2-USA01,
EQUODRESTEAMAUS01,
EQUODRESTEAMAUT01,
EQUODRESTEAMBEL01,
EQUODRESTEAMCAN01,
EQUODRESTEAMDEN01,
EQUODRESTEAMESP01,
EQUODRESTEAMFIN01,
EQUODRESTEAMFRA01,
EQUODRESTEAMGBR01,
EQUODRESTEAMGER01,
EQUODRESTEAMNED01,
EQUODRESTEAMPOL01,
EQUODRESTEAMPOR01,
EQUODRESTEAMSWE01,
EQUODRESTEAMUSA01,
EQUOEVENTEAMAUS01,
EQUOEVENTEAMBEL01,
EQUOEVENTEAMBRA01,
EQUOEVENTEAMCAN01,
EQUOEVENTEAMFRA01,
EQUOEVENTEAMGBR01,
EQUOEVENTEAMGER01,
EQUOEVENTEAMIRL01,
EQUOEVENTEAMITA01,
EQUOEVENTEAMJPN01,
EQUOEVENTEAMNED01,
EQUOEVENTEAMNZL01,
EQUOEVENTEAMPOL01,
EQUOEVENTEAMSUI01,
EQUOEVENTEAMSWE01,
EQUOEVENTEAMUSA01,
EQUOJUMPTEAMAUS01,
EQUOJUMPTEAMAUT01,
EQUOJUMPTEAMBEL01,
EQUOJUMPTEAMBRA01,
EQUOJUMPTEAMCAN01,
EQUOJUMPTEAMESP01,
EQUOJUMPTEAMFRA01,
EQUOJUMPTEAMGBR01,
EQUOJUMPTEAMGER01,
EQUOJUMPTEAMIRL01,
EQUOJUMPTEAMISR01,
EQUOJUMPTEAMJPN01,
EQUOJUMPTEAMKSA01,
EQUOJUMPTEAMMEX01,
EQUOJUMPTEAMNED01,
EQUOJUMPTEAMPOL01,
EQUOJUMPTEAMSUI01,
EQUOJUMPTEAMSWE01,
EQUOJUMPTEAMUAE01,
EQUOJUMPTEAMUSA01,
FBLMTEAM11--ARG01,"['1930636', '1933474', '1933763', '1934022']"
FBLMTEAM11--DOM01,"['1972933', '1972992', '1973058']"
FBLMTEAM11--EGY01,"['1953555', '1957027', '1963019']"
FBLMTEAM11--ESP01,"['1942626', '1942627', '1942638']"
FBLMTEAM11--FRA01,"['1900728', '1900729', '1900730', '1900731']"
FBLMTEAM11--GUI01,"['1977689', '3546458', '4968917']"
FBLMTEAM11--IRQ01,"['1535775', '1564287', '3561918']"
FBLMTEAM11--ISR01,"['1956202', '1956206', '1956422']"
FBLMTEAM11--JPN01,"['1953168', '1953169', '1953170']"
FBLMTEAM11--MAR01,"['1969357', '1969386', '1970974']"
FBLMTEAM11--MLI01,"['1917115', '1917164', '1941847']"
FBLMTEAM11--NZL01,"['1944973', '1944974', '1944977', '1944979']"
FBLMTEAM11--PAR01,"['1941852', '1942869', '1943842']"
FBLMTEAM11--UKR01,"['1565657', '1565672']"
FBLMTEAM11--USA01,"['1944188', '1944189', '1944190', '1944191']"
FBLMTEAM11--UZB01,"['1892047', '1892050']"
FBLWTEAM11--AUS01,"['1968802', '1968822', '1968838']"
FBLWTEAM11--BRA01,"['1967642', '1967672', '1967683']"
FBLWTEAM11--CAN01,"['1967254', '1967256', '1967258', '1967262']"
FBLWTEAM11--COL01,"['1930646', '1933569', '1934811']"
FBLWTEAM11--ESP01,"['1963171', '1963174', '1963175']"
FBLWTEAM11--FRA01,"['1930168', '1930169', '1930171', '1930172']"
FBLWTEAM11--GER01,"['1880620', '1880626', '1880629', '1880639']"
FBLWTEAM11--JPN01,"['1888241', '1888242', '1888246']"
FBLWTEAM11--NGR01,"['1973693', '1977388']"
FBLWTEAM11--NZL01,"['1944971', '1944972', '1945000', '1967242']"
FBLWTEAM11--USA01,"['1943302', '1943308', '1943311']"
FBLWTEAM11--ZAM01,"['1928154', '1928714', '1930666', '1931463']"
FENMTEAMEPEECZE01,"['1914528', '1914548', '1914550']"
FENMTEAMEPEEEGY01,"['1936971', '1937285', '1969609']"
FENMTEAMEPEEFRA01,"['1916244', '1916254', '1916257']"
FENMTEAMEPEEHUN01,"['1936541', '1946312', '1946556']"
FENMTEAMEPEEITA01,"['1559026', '1924222', '1924252']"
FENMTEAMEPEEJPN01,"['1896506', '1896508', '1896512']"
FENMTEAMEPEEKAZ01,"['1929648', '1929649', '1959938']"
FENMTEAMEPEEVEN01,"['1925017', '1925047']"
FENMTEAMFOILCAN01,"['1973249', '1973253']"
FENMTEAMFOILCHN01,"['1908666', '1908678']"
FENMTEAMFOILEGY01,"['1937101', '1969633', '1977085']"
FENMTEAMFOILFRA01,"['1916244', '1916263', '1916264']"
FENMTEAMFOILITA01,"['1924214', '1924216', '1924246']"
FENMTEAMFOILJPN01,"['1896499', '1896502', '1896507']"
FENMTEAMFOILPOL01,"['1932782', '1932783', '1932784']"
FENMTEAMFOILUSA01,"['1951745', '1951756', '1951782']"
FENMTEAMSABRCAN01,"['1973249', '1973253']"
FENMTEAMSABREGY01,"['1937101', '1938447', '1940927']"
FENMTEAMSABRFRA01,"['1916242', '1916244', '1916268']"
FENMTEAMSABRHUN01,"['1946333', '1946381', '4967785']"
FENMTEAMSABRIRI01,"['1535569', '1541507']"
FENMTEAMSABRITA01,"['1924215', '1924227', '1924246']"
FENMTEAMSABRKOR01,"['1927337', '1927348', '1927360']"
FENMTEAMSABRUSA01,"['1951765', '1951771', '1951782']"
FENWTEAMEPEECHN01,"['1908671', '1908673', '1908691']"
FENWTEAMEPEEEGY01,"['1937256', '1937285', '1969609']"
FENWTEAMEPEEFRA01,"['1916244', '1916254', '1916255']"
FENWTEAMEPEEITA01,"['1559026', '1924221', '1924252']"
FENWTEAMEPEEKOR01,"['1927337', '1927348', '1927350']"
FENWTEAMEPEEPOL01,"['1932782', '1932787', '1947772']"
FENWTEAMEPEEUKR01,"['1897607', '1897608', '1897615']"
FENWTEAMEPEEUSA01,"['1951744', '1951752', '1951782']"
FENWTEAMFOILCAN01,"['1973249', '1973253']"
FENWTEAMFOILCHN01,"['1908666', '1908675', '1908678']"
FENWTEAMFOILEGY01,"['1937282', '1969633', '1977085']"
FENWTEAMFOILFRA01,"['1916244', '1916258', '1916259']"
FENWTEAMFOILITA01,"['1924214', '1924217', '1924246']"
FENWTEAMFOILJPN01,"['1896499', '1896507', '1896513']"
FENWTEAMFOILPOL01,"['1932778', '1932780', '1932782']"
FENWTEAMFOILUSA01,"['1951750', '1951757', '1951782']"
FENWTEAMSABRALG01,"['1969820', '1969961']"
FENWTEAMSABRFRA01,"['1916244', '1916265', '1916266']"
FENWTEAMSABRHUN01,"['1946333', '1946357', '1946447']"
FENWTEAMSABRITA01,"['1924215', '1924225', '1924252']"
FENWTEAMSABRJPN01,"['1896503', '1896505', '1896511']"
FENWTEAMSABRKOR01,"['1927337', '1927348', '1927352']"
FENWTEAMSABRUKR01,"['1897607', '1897609', '1897610']"
FENWTEAMSABRUSA01,"['1951755', '1951765', '1951782']"
GARMTEAM----CAN01,
GARMTEAM----CHN01,
GARMTEAM----ESP01,
GARMTEAM----GBR01,
GARMTEAM----GER01,
GARMTEAM----ITA01,
GARMTEAM----JPN01,
GARMTEAM----NED01,
GARMTEAM----SUI01,
GARMTEAM----TUR01,
GARMTEAM----UKR01,
GARMTEAM----USA01,
GARWTEAM----AUS01,
GARWTEAM----BRA01,
GARWTEAM----CAN01,
GARWTEAM----CHN01,
GARWTEAM----FRA01,
GARWTEAM----GBR01,
GARWTEAM----ITA01,
GARWTEAM----JPN01,
GARWTEAM----KOR01,
GARWTEAM----NED01,
GARWTEAM----ROU01,
GARWTEAM----USA01,
GRYW5AA-----AUS01,
GRYW5AA-----AZE01,
GRYW5AA-----BRA01,
GRYW5AA-----BUL01,
GRYW5AA-----CHN01,
GRYW5AA-----EGY01,
GRYW5AA-----ESP01,
GRYW5AA-----FRA01,
GRYW5AA-----GER01,
GRYW5AA-----ISR01,
GRYW5AA-----ITA01,
GRYW5AA-----MEX01,
GRYW5AA-----UKR01,
GRYW5AA-----UZB01,
HBLMTEAM7---ARG01,"['1540522', '1540527', '9230012', '9230013', '9230014']"
HBLMTEAM7---CRO01,"['1903368', '1903369', '1903371', '1903376', '1903379', '1903381']"
HBLMTEAM7---DEN01,"['1895269', '1895272', '1895275', '1895276', '1895277', '9230005']"
HBLMTEAM7---EGY01,"['1931488', '1931494', '1931502', '1931888', '4119106', '9230015']"
HBLMTEAM7---ESP01,"['1948320', '1948322', '1948332', '1948333', '9230017', '9230018']"
HBLMTEAM7---FRA01,"['1893216', '1893217', '1893221', '1893222', '1893223', '1893224']"
HBLMTEAM7---GER01,"['1899285', '1899288', '1899289', '1899291', '1899294', '1899299']"
HBLMTEAM7---HUN01,"['1932163', '1932174', '1932176', '1932190', '1932535']"
HBLMTEAM7---JPN01,"['1896559', '1896562', '1896570', '1963627', '1963628', '9230016']"
HBLMTEAM7---NOR01,"['1894612', '1894657', '1894659', '1894661', '1894715', '1935157']"
HBLMTEAM7---SLO01,"['1980954', '1981325', '1981664', '1981666', '1981689', '4646497']"
HBLMTEAM7---SWE01,"['1562557', '1562558', '1562563', '1562564', '1562566', '9230019']"
HBLWTEAM7---ANG01,"['1911256', '1912238', '1936918', '3058748']"
HBLWTEAM7---BRA01,"['1561282', '1561288', '1561292', '9230002', '9230003']"
HBLWTEAM7---DEN01,"['1895269', '1895270', '1895274', '1895278', '1895279', '9230004']"
HBLWTEAM7---ESP01,"['1948318', '1948319', '1948321', '1948331', '1948335', '9230006']"
HBLWTEAM7---FRA01,"['1879871', '1879872', '1879873', '1879875', '1879878', '1879879']"
HBLWTEAM7---GER01,"['1899286', '1899296', '1899298', '1899299', '1899301', '1899303']"
HBLWTEAM7---HUN01,"['1933362', '1933372', '1933382', '1933393', '1933407']"
HBLWTEAM7---KOR01,"['1927873', '1927879', '1927880', '9230007', '9230008', '9230009']"
HBLWTEAM7---NED01,"['1970311', '1970312', '1970317', '1970322', '9230010', '9230011']"
HBLWTEAM7---NOR01,"['1894614', '1894662', '1894663', '1894666', '1894711', '1894714', '9230020']"
HBLWTEAM7---SLO01,"['1980943', '1980962', '1980971', '1980979', '1981359', '3057246']"
HBLWTEAM7---SWE01,"['1559048', '1559051', '1559053', '1559066', '1559067', '9230001']"
HOCMTEAM11--ARG01,"['1538327', '1538745', '1538746', '1538748', '1538749', '1538751', '1538754']"
HOCMTEAM11--AUS01,"['1945433', '1945439', '1945449', '1945465', '1945466']"
HOCMTEAM11--BEL01,"['1903895', '1903896', '1903899', '1903900', '1922671', '1942806', '1949449', '1949459']"
HOCMTEAM11--ESP01,"['1934444', '1934447', '1934448', '1934458', '1934462']"
HOCMTEAM11--FRA01,"['1895408', '1895409', '1895410', '1895412', '1895413', '1895414', '1895417', '1895418']"
HOCMTEAM11--GBR01,"['1899054', '1899059', '1899063', '1899066', '1899068', '1899070', '1923811']"
HOCMTEAM11--GER01,"['1561722', '1561725', '1561727', '1561732', '1561741', '1561744']"
HOCMTEAM11--IND01,"['1543574', '1543575', '1543576', '1543578', '1545096', '1545098', '9240004']"
HOCMTEAM11--IRL01,"['1563945', '1563956', '1563957', '1563958', '1888498', '1888733', '2041080']"
HOCMTEAM11--NED01,"['1972025', '1972034', '1972035', '1972045', '1972053', '1972055', '1972056', '1972126']"
HOCMTEAM11--NZL01,"['1926526', '1926527', '1926529', '1926530', '1926532', '1926534']"
HOCMTEAM11--RSA01,"['1972652', '1972654', '1972655', '1972658', '1972659', '1972660', '1979384', '9240003']"
HOCWTEAM11--ARG01,"['1538313', '1538315', '1538317', '1538318', '1538320', '1538324', '1538327', '1538329']"
HOCWTEAM11--AUS01,"['1945447', '1945449', '1945451', '1945459', '1945465', '1945480']"
HOCWTEAM11--BEL01,"['1903894', '1903897', '1903898', '1922670', '1922672', '1922673', '1942804', '1942833', '1942834', '1949449', '1963552', '1963556']"
HOCWTEAM11--CHN01,"['1926933', '1926934', '1926943', '1927174', '1927175', '3975763']"
HOCWTEAM11--ESP01,"['1934443', '1934448', '1934451', '1934454', '1934469']"
HOCWTEAM11--FRA01,"['1906040', '1906041', '1906042', '1906043', '1906044', '1906045']"
HOCWTEAM11--GBR01,"['1899057', '1899061', '1899063', '1899065', '1899068', '1899069', '1923811']"
HOCWTEAM11--GER01,"['1561718', '1561719', '1561723', '1561725', '1561726', '1561734', '1561736', '1561738']"
HOCWTEAM11--JPN01,"['1888335', '1888338', '1888342', '1888344', '1888347', '9240005', '9240006']"
HOCWTEAM11--NED01,"['1972028', '1972030', '1972031', '1972037', '1972052', '1972057']"
HOCWTEAM11--RSA01,"['1965159', '1965160', '1965161', '1965162', '1965167', '1965168', '1965170', '1965171', '9240002']"
HOCWTEAM11--USA01,"['1954065', '1954067', '1954068', '1954069', '1954070', '1954072']"
JUDXTEAM6---AUT01,
JUDXTEAM6---BRA01,
JUDXTEAM6---CAN01,
JUDXTEAM6---EOR01,
JUDXTEAM6---ESP01,
JUDXTEAM6---FRA01,
JUDXTEAM6---GEO01,
JUDXTEAM6---GER01,
JUDXTEAM6---HUN01,
JUDXTEAM6---ISR01,
JUDXTEAM6---ITA01,
JUDXTEAM6---JPN01,
JUDXTEAM6---KAZ01,
JUDXTEAM6---KOR01,
JUDXTEAM6---MGL01,
JUDXTEAM6---NED01,
JUDXTEAM6---SRB01,
JUDXTEAM6---TUR01,
JUDXTEAM6---UZB01,
ROWMCOXED8--AUS01,
ROWMCOXED8--GBR01,
ROWMCOXED8--GER01,
ROWMCOXED8--ITA01,
ROWMCOXED8--NED01,
ROWMCOXED8--ROU01,
ROWMCOXED8--USA01,
ROWMNOCOX2--AUS01,
ROWMNOCOX2--CRO01,
ROWMNOCOX2--ESP01,
ROWMNOCOX2--GBR01,
ROWMNOCOX2--GER01,
ROWMNOCOX2--IRL01,
ROWMNOCOX2--ITA01,
ROWMNOCOX2--LTU01,
ROWMNOCOX2--NZL01,
ROWMNOCOX2--ROU01,
ROWMNOCOX2--RSA01,
ROWMNOCOX2--SUI01,
ROWMNOCOX2--USA01,
ROWMNOCOX4--AUS01,
ROWMNOCOX4--FRA01,
ROWMNOCOX4--GBR01,
ROWMNOCOX4--ITA01,
ROWMNOCOX4--NED01,
ROWMNOCOX4--NZL01,
ROWMNOCOX4--ROU01,
ROWMNOCOX4--SUI01,
ROWMNOCOX4--USA01,
ROWMSCULL2--CHN01,
ROWMSCULL2--CRO01,
ROWMSCULL2--ESP01,
ROWMSCULL2--FRA01,
ROWMSCULL2--GER01,
ROWMSCULL2--IRL01,
ROWMSCULL2--ITA01,
ROWMSCULL2-LARG01,
ROWMSCULL2-LBEL01,
ROWMSCULL2-LCHI01,
ROWMSCULL2-LCZE01,
ROWMSCULL2-LEGY01,
ROWMSCULL2-LESP01,
ROWMSCULL2-LFRA01,
ROWMSCULL2-LGRE01,
ROWMSCULL2-LIRL01,
ROWMSCULL2-LITA01,
ROWMSCULL2-LJPN01,
ROWMSCULL2-LMEX01,
ROWMSCULL2-LNOR01,
ROWMSCULL2-LSUI01,
ROWMSCULL2-LUKR01,
ROWMSCULL2-LUZB01,
ROWMSCULL2--NED01,
ROWMSCULL2--NOR01,
ROWMSCULL2--NZL01,
ROWMSCULL2--ROU01,
ROWMSCULL2--SRB01,
ROWMSCULL2--USA01,
ROWMSCULL4--EST01,
ROWMSCULL4--GBR01,
ROWMSCULL4--GER01,
ROWMSCULL4--ITA01,
ROWMSCULL4--NED01,
ROWMSCULL4--NOR01,
ROWMSCULL4--POL01,
ROWMSCULL4--ROU01,
ROWMSCULL4--SUI01,
ROWWCOXED8--AUS01,
ROWWCOXED8--CAN01,
ROWWCOXED8--DEN01,
ROWWCOXED8--GBR01,
ROWWCOXED8--ITA01,
ROWWCOXED8--ROU01,
ROWWCOXED8--USA01,
ROWWNOCOX2--AUS01,
ROWWNOCOX2--CHI01,
ROWWNOCOX2--CZE01,
ROWWNOCOX2--DEN01,
ROWWNOCOX2--ESP01,
ROWWNOCOX2--GBR01,
ROWWNOCOX2--GRE01,
ROWWNOCOX2--IRL01,
ROWWNOCOX2--LTU01,
ROWWNOCOX2--NED01,
ROWWNOCOX2--NZL01,
ROWWNOCOX2--ROU01,
ROWWNOCOX2--USA01,
ROWWNOCOX4--AUS01,
ROWWNOCOX4--CHN01,
ROWWNOCOX4--DEN01,
ROWWNOCOX4--GBR01,
ROWWNOCOX4--IRL01,
ROWWNOCOX4--NED01,
ROWWNOCOX4--NZL01,
ROWWNOCOX4--ROU01,
ROWWNOCOX4--USA01,
ROWWSCULL2--AUS01,
ROWWSCULL2--CHN01,
ROWWSCULL2--CZE01,
ROWWSCULL2--FRA01,
ROWWSCULL2--GBR01,
ROWWSCULL2--IRL01,
ROWWSCULL2--ITA01,
ROWWSCULL2-LARG01,
ROWWSCULL2-LAUT01,
ROWWSCULL2-LCAN01,
ROWWSCULL2-LCHN01,
ROWWSCULL2-LFRA01,
ROWWSCULL2-LGBR01,
ROWWSCULL2-LGRE01,
ROWWSCULL2-LIRI01,
ROWWSCULL2-LIRL01,
ROWWSCULL2-LJPN01,
ROWWSCULL2-LNZL01,
ROWWSCULL2-LPER01,
ROWWSCULL2-LPOL01,
ROWWSCULL2-LROU01,
ROWWSCULL2--LTU01,
ROWWSCULL2-LTUN01,
ROWWSCULL2-LUSA01,
ROWWSCULL2--NED01,
ROWWSCULL2--NOR01,
ROWWSCULL2--NZL01,
ROWWSCULL2--ROU01,
ROWWSCULL2--USA01,
ROWWSCULL4--AUS01,
ROWWSCULL4--CHN01,
ROWWSCULL4--GBR01,
ROWWSCULL4--GER01,
ROWWSCULL4--NED01,
ROWWSCULL4--ROU01,
ROWWSCULL4--SUI01,
ROWWSCULL4--UKR01,
ROWWSCULL4--USA01,
RU7MTEAM7---ARG01,"['1540630', '1540632', '1540633', '1540638', '1540639']"
RU7MTEAM7---AUS01,"['1950179', '1950180', '1950181', '1950182', '1950184', '1950185']"
RU7MTEAM7---FIJ01,"['1954672', '1961922', '1982013', '1982128', '3546645']"
RU7MTEAM7---FRA01,"['1879645', '1879646', '1879648', '1879650', '1879651', '1879652']"
RU7MTEAM7---IRL01,"['1555115', '1894098', '1962265', '1963069', '1977972', '3538853']"
RU7MTEAM7---JPN01,"['1908773', '1908788', '1908798', '1908800', '1908801', '1908802']"
RU7MTEAM7---KEN01,"['1880367', '1880387', '1880388', '1880389', '1880390']"
RU7MTEAM7---NZL01,"['1926599', '1926601', '1926603', '1926605', '1926608', '1926612', '1926616']"
RU7MTEAM7---RSA01,"['1572038', '1896698', '1896699', '1896700', '1896701']"
RU7MTEAM7---SAM01,"['1967332', '1968210', '1968234', '1968294', '1968310']"
RU7MTEAM7---URU01,"['1924889', '1924891', '1924892', '1929436', '1929630', '1929717']"
RU7MTEAM7---USA01,"['1950520', '1950521', '1950522', '1950523', '1950524', '1950525']"
RU7WTEAM7---AUS01,"['1950176', '1950177', '1950183', '1950185', '1950186', '1950187']"
RU7WTEAM7---BRA01,"['1954988', '1955000', '1955015', '1955021']"
RU7WTEAM7---CAN01,"['1960844', '1960845', '1960848', '1960854', '1960860']"
RU7WTEAM7---CHN01,"['1927222', '1927223', '1927225', '1927226']"
RU7WTEAM7---FIJ01,"['1955881', '1955885', '1961582', '1961586', '1961912', '3910548']"
RU7WTEAM7---FRA01,"['1915986', '1915987', '1915988', '1915989', '1915990', '1915991']"
RU7WTEAM7---GBR01,"['1948904', '1948911', '1948912', '1948914', '1948916']"
RU7WTEAM7---IRL01,"['1544489', '1555115', '1555126', '1894098', '1962452', '1964509', '1978968']"
RU7WTEAM7---JPN01,"['1908776', '1908791', '1908795', '1908796', '1908797', '1908804']"
RU7WTEAM7---NZL01,"['1926597', '1926602', '1926604', '1926606', '1926607', '1926610', '1926615']"
RU7WTEAM7---RSA01,"['1934833', '1934834', '1934836', '1934837', '1978528']"
RU7WTEAM7---USA01,"['1908412', '1950509', '1950510', '1950511', '1950512', '1950514', '1950515']"
SALM49ER----AUS01,
SALM49ER----AUT01,
SALM49ER----BEL01,
SALM49ER----BRA01,
SALM49ER----CAN01,
SALM49ER----CHN01,
SALM49ER----CRO01,
SALM49ER----DEN01,
SALM49ER----ESP01,
SALM49ER----FRA01,
SALM49ER----GBR01,
SALM49ER----GER01,
SALM49ER----HKG01,
SALM49ER----IRL01,
SALM49ER----NED01,
SALM49ER----NZL01,
SALM49ER----POL01,
SALM49ER----SUI01,
SALM49ER----URU01,
SALM49ER----USA01,
SALW49ERFX--AUS01,
SALW49ERFX--BEL01,
SALW49ERFX--BRA01,
SALW49ERFX--CAN01,
SALW49ERFX--CHN01,
SALW49ERFX--CZE01,
SALW49ERFX--DEN01,
SALW49ERFX--ESP01,
SALW49ERFX--FIN01,
SALW49ERFX--FRA01,
SALW49ERFX--GBR01,
SALW49ERFX--GER01,
SALW49ERFX--ITA01,
SALW49ERFX--JPN01,
SALW49ERFX--NED01,
SALW49ERFX--NOR01,
SALW49ERFX--NZL01,
SALW49ERFX--POL01,
SALW49ERFX--SWE01,
SALW49ERFX--USA01,
SALX470-----ANG01,
SALX470-----AUS01,
SALX470-----AUT01,
SALX470-----BRA01,
SALX470-----CHN01,
SALX470-----ESP01,
SALX470-----FRA01,
SALX470-----GBR01,
SALX470-----GER01,
SALX470-----GRE01,
SALX470-----ISR01,
SALX470-----ITA01,
SALX470-----JPN01,
SALX470-----POR01,
SALX470-----SLO01,
SALX470-----SUI01,
SALX470-----SWE01,
SALX470-----TUR01,
SALX470-----USA01,
SALXNACRA17-ARG01,
SALXNACRA17-AUS01,
SALXNACRA17-AUT01,
SALXNACRA17-BEL01,
SALXNACRA17-BRA01,
SALXNACRA17-CHN01,
SALXNACRA17-DEN01,
SALXNACRA17-ESP01,
SALXNACRA17-FIN01,
SALXNACRA17-FRA01,
SALXNACRA17-GBR01,
SALXNACRA17-GER01,
SALXNACRA17-ITA01,
SALXNACRA17-JPN01,
SALXNACRA17-NED01,
SALXNACRA17-NZL01,
SALXNACRA17-SWE01,
SALXNACRA17-TUR01,
SALXNACRA17-USA01,
SHOXAPMT----BUL01,
SHOXAPMT----CHN01,
SHOXAPMT----CHN02,
SHOXAPMT----FRA01,
SHOXAPMT----GER01,
SHOXAPMT----GER02,
SHOXAPMT----IND01,
SHOXAPMT----IND02,
SHOXAPMT----KAZ01,
SHOXAPMT----KOR01,
SHOXAPMT----KOR02,
SHOXAPMT----LAT01,
SHOXAPMT----PAK01,
SHOXAPMT----SRB01,
SHOXAPMT----TUR01,
SHOXAPMT----TUR02,
SHOXAPMT----UKR01,
SHOXARMT----ARG01,
SHOXARMT----AUT01,
SHOXARMT----CHN01,
SHOXARMT----CHN02,
SHOXARMT----CZE01,
SHOXARMT----EGY01,
SHOXARMT----EGY02,
SHOXARMT----FRA01,
SHOXARMT----FRA02,
SHOXARMT----GBR01,
SHOXARMT----GER01,
SHOXARMT----HUN01,
SHOXARMT----IND01,
SHOXARMT----IND02,
SHOXARMT----ITA01,
SHOXARMT----JPN01,
SHOXARMT----KAZ01,
SHOXARMT----KAZ02,
SHOXARMT----KOR01,
SHOXARMT----KOR02,
SHOXARMT----MEX01,
SHOXARMT----MGL01,
SHOXARMT----NOR01,
SHOXARMT----NOR02,
SHOXARMT----POL01,
SHOXARMT----POL02,
SHOXARMT----USA01,
SHOXARMT----USA02,
SHOXSKMT----AUS01,
SHOXSKMT----CHN01,
SHOXSKMT----CZE01,
SHOXSKMT----FRA01,
SHOXSKMT----GER01,
SHOXSKMT----GRE01,
SHOXSKMT----IND01,
SHOXSKMT----ITA01,
SHOXSKMT----ITA02,
SHOXSKMT----KAZ01,
SHOXSKMT----KOR01,
SHOXSKMT----PER01,
SHOXSKMT----SWE01,
SHOXSKMT----USA01,
SHOXSKMT----USA02,
SWAWTEAM2---AUS01,"['1955954', '1955958']"
SWAWTEAM2---AUT01,['1565143']
SWAWTEAM2---CAN01,"['1974021', '1974022']"
SWAWTEAM2---CHN01,"['1908861', '1908862']"
SWAWTEAM2---EGY01,"['1903722', '1903754']"
SWAWTEAM2---ESP01,"['1957190', '1957191']"
SWAWTEAM2---FRA01,"['1903771', '1903772']"
SWAWTEAM2---GBR01,"['1544157', '1544158']"
SWAWTEAM2---GRE01,"['1968453', '1970733']"
SWAWTEAM2---ISR01,['1897292']
SWAWTEAM2---ITA01,"['1925568', '1925602']"
SWAWTEAM2---JPN01,"['1891686', '1891688']"
SWAWTEAM2---KOR01,"['1897904', '1940331']"
SWAWTEAM2---MEX01,"['1533246', '1536328']"
SWAWTEAM2---NED01,['1972461']
SWAWTEAM2---NZL01,['1897752']
SWAWTEAM2---UKR01,['1897518']
SWAWTEAM2---USA01,"['1930922', '1935667']"
SWAWTEAM8---AUS01,"['1955954', '1955958']"
SWAWTEAM8---CAN01,"['1974025', '1974026']"
SWAWTEAM8---CHN01,"['1908861', '1908865']"
SWAWTEAM8---EGY01,"['1903707', '1903754']"
SWAWTEAM8---ESP01,"['1957190', '1957192']"
SWAWTEAM8---FRA01,"['1903771', '1903772']"
SWAWTEAM8---ITA01,"['1925568', '1925602']"
SWAWTEAM8---JPN01,"['1891686', '1891688']"
SWAWTEAM8---MEX01,"['1533246', '1536328']"
SWAWTEAM8---USA01,"['1935667', '1935669']"
SWMM4X100MFRAUS01,
SWMM4X100MFRBRA01,
SWMM4X100MFRCAN01,
SWMM4X100MFRCHN01,
SWMM4X100MFRESP01,
SWMM4X100MFRFRA01,
SWMM4X100MFRGBR01,
SWMM4X100MFRGER01,
SWMM4X100MFRGRE01,
SWMM4X100MFRHUN01,
SWMM4X100MFRISR01,
SWMM4X100MFRITA01,
SWMM4X100MFRPOL01,
SWMM4X100MFRSRB01,
SWMM4X100MFRSWE01,
SWMM4X100MFRUSA01,
SWMM4X100MMDAUS01,
SWMM4X100MMDAUT01,
SWMM4X100MMDCAN01,
SWMM4X100MMDCHN01,
SWMM4X100MMDESP01,
SWMM4X100MMDFRA01,
SWMM4X100MMDGBR01,
SWMM4X100MMDGER01,
SWMM4X100MMDIRL01,
SWMM4X100MMDITA01,
SWMM4X100MMDJPN01,
SWMM4X100MMDKOR01,
SWMM4X100MMDNED01,
SWMM4X100MMDPOL01,
SWMM4X100MMDSUI01,
SWMM4X100MMDUSA01,
SWMM4X200MFRAUS01,
SWMM4X200MFRBRA01,
SWMM4X200MFRCAN01,
SWMM4X200MFRCHN01,
SWMM4X200MFRESP01,
SWMM4X200MFRFRA01,
SWMM4X200MFRGBR01,
SWMM4X200MFRGER01,
SWMM4X200MFRGRE01,
SWMM4X200MFRISR01,
SWMM4X200MFRITA01,
SWMM4X200MFRJPN01,
SWMM4X200MFRKOR01,
SWMM4X200MFRLTU01,
SWMM4X200MFRSUI01,
SWMM4X200MFRUSA01,
SWMW4X100MFRAUS01,
SWMW4X100MFRBRA01,
SWMW4X100MFRCAN01,
SWMW4X100MFRCHN01,
SWMW4X100MFRDEN01,
SWMW4X100MFRFRA01,
SWMW4X100MFRGBR01,
SWMW4X100MFRHKG01,
SWMW4X100MFRHUN01,
SWMW4X100MFRIRL01,
SWMW4X100MFRITA01,
SWMW4X100MFRNED01,
SWMW4X100MFRPOL01,
SWMW4X100MFRSLO01,
SWMW4X100MFRSWE01,
SWMW4X100MFRUSA01,
SWMW4X100MMDAUS01,
SWMW4X100MMDCAN01,
SWMW4X100MMDCHN01,
SWMW4X100MMDDEN01,
SWMW4X100MMDFRA01,
SWMW4X100MMDGBR01,
SWMW4X100MMDGER01,
SWMW4X100MMDHKG01,
SWMW4X100MMDIRL01,
SWMW4X100MMDITA01,
SWMW4X100MMDJPN01,
SWMW4X100MMDNED01,
SWMW4X100MMDPOL01,
SWMW4X100MMDSGP01,
SWMW4X100MMDSWE01,
SWMW4X100MMDUSA01,
SWMW4X200MFRAUS01,
SWMW4X200MFRBRA01,
SWMW4X200MFRCAN01,
SWMW4X200MFRCHN01,
SWMW4X200MFRESP01,
SWMW4X200MFRFRA01,
SWMW4X200MFRGBR01,
SWMW4X200MFRGER01,
SWMW4X200MFRHUN01,
SWMW4X200MFRISR01,
SWMW4X200MFRITA01,
SWMW4X200MFRJPN01,
SWMW4X200MFRNED01,
SWMW4X200MFRNZL01,
SWMW4X200MFRTUR01,
SWMW4X200MFRUSA01,
SWMX4X100MMDAUS01,
SWMX4X100MMDBRA01,
SWMX4X100MMDCAN01,
SWMX4X100MMDCHN01,
SWMX4X100MMDFRA01,
SWMX4X100MMDGBR01,
SWMX4X100MMDGER01,
SWMX4X100MMDGRE01,
SWMX4X100MMDISR01,
SWMX4X100MMDITA01,
SWMX4X100MMDJPN01,
SWMX4X100MMDKOR01,
SWMX4X100MMDNED01,
SWMX4X100MMDPOL01,
SWMX4X100MMDSWE01,
SWMX4X100MMDUSA01,
T000180168080,
T002027129113,
T005088118027,
T005092223144,
T005105061005,
T005106100046,
T006235228185,
T007165029113,
T009051173051,
T009172220247,
T010112120160,
T010239039210,
T011230232205,
T012092132149,
T012123222150,
T013046016056,
T015155079200,
T015237038062,
T017210105197,
T018050143120,
T018078205011,
T021139183156,
T021182047086,
T021189149154,
T026007161153,
T027065149125,
T027137076094,
T028003209106,
T029092105234,
T031089020226,
T031187113126,
T032180102004,
T032230089255,
T032254243215,
T033016104132,
T034172017177,
T036058255160,
T036184251139,
T037217050165,
T038182198132,
T040023042051,
T040026171031,
T040052215176,
T040141230067,
T041030033135,
T043219044070,
T044178085196,
T047173034031,
T048127108097,
T048252009004,
T049177232236,
T050018234251,
T050113048223,
T051001088214,
T051044143211,
T051068010116,
T052000234216,
T052132148157,
T053127170146,
T054085034000,
T054095068175,
T055237149192,
T056152082134,
T056184065059,
T056243084219,
T057153235207,
T059049008124,
T061066235178,
T061189189233,
T061199228210,
T062099173126,
T063034253052,
T069195059111,
T070176182065,
T070224246047,
T072239007015,
T073161009048,
T073212219121,
T074215096235,
T075047206000,
T075068011152,
T076077236018,
T077028246213,
T077146100097,
T079248110012,
T080064149056,
T080216244244,
T082101210032,
T083202023196,
T083223008017,
T083238094200,
T084165231039,
T085109095203,
T085178047216,
T086166153118,
T086254156090,
T087049051255,
T087095040064,
T088121127206,
T091046074070,
T091074019200,
T091147023065,
T093018155227,
T094207118201,
T094231202250,
T095071193182,
T096245183145,
T097024201207,
T097190080234,
T097198068021,
T099012198163,
T101139061230,
T103009064164,
T103220134006,
T103223108185,
T104147084217,
T105004201136,
T107073074055,
T107081146202,
T107144046005,
T108070151074,
T108160233061,
T108161120062,
T109237041237,
T110180116243,
T112130234068,
T112173189178,
T114143077091,
T117044066011,
T117235076051,
T119034156000,
T120121050150,
T121068205168,
T123093085163,
T124043035021,
T126209096140,
T127073218087,
T127075108220,
T127127130200,
T128043238071,
T129222111254,
T132114009227,
T133048054128,
T134130092240,
T134149068080,
T135067238066,
T135144033254,
T136207100235,
T136232070138,
T137153163006,
T138230063185,
T139082206031,
T140007067165,
T140176027011,
T141135060156,
T143157012191,
T144159001066,
T144224053168,
T144247061115,
T145195042022,
T146196227215,
T146250208081,
T147031123022,
T150192020010,
T150208041031,
T151104038079,
T151165203059,
T151248169221,
T152007104101,
T152072158000,
T153072139060,
T154252007135,
T155251247033,
T156038232203,
T156096141213,
T157141039174,
T159071241179,
T159085242241,
T159093137068,
T159170064046,
T160155181193,
T160254050136,
T161191071133,
T162219254220,
T163062069251,
T163072084245,
T163127098077,
T164107208177,
T164131189204,
T164201023192,
T164227030087,
T165150246048,
T165219065158,
T165230053108,
T165255017046,
T170011107055,
T170120112068,
T170150126026,
T172050237073,
T173034009013,
T175179048136,
T176081239160,
T176093139168,
T176106184236,
T176208225219,
T176255250242,
T177095146045,
T177099104150,
T177131070058,
T177162067254,
T177215118232,
T178131014059,
T179016191120,
T179170112181,
T180005075132,
T180082238036,
T181050155106,
T182013107120,
T182159012196,
T183042211129,
T183209174099,
T184186134220,
T185128006082,
T185180078216,
T186035252019,
T186102254129,
T186119241049,
T187154083112,
T188255247159,
T189119064069,
T190092002110,
T190186209138,
T191201107174,
T193026024173,
T196095020070,
T196196115151,
T197028067226,
T197064043186,
T197121211099,
T197192199178,
T200208094172,
T204026223054,
T204027239107,
T204216145015,
T207042251035,
T210060000005,
T210070222027,
T211255218208,
T212055046088,
T215142183070,
T216012230223,
T216014106137,
T216092071169,
T217136143024,
T217151129191,
T217177120018,
T218022032195,
T218038013073,
T218120199207,
T218141014095,
T220064210078,
T221144098126,
T221255160105,
T222244021165,
T223096066167,
T224085015032,
T225095247005,
T226131186151,
T226159240093,
T226192081090,
T227166195031,
T227227075171,
T228006119010,
T228010157078,
T228211081171,
T229196244224,
T231142178065,
T231254107028,
T232052083063,
T234067164063,
T235250241164,
T236149232187,
T237004209070,
T239108182176,
T239136002118,
T240145002027,
T240229054098,
T241054177157,
T241090199113,
T241211162236,
T241222252249,
T242000170096,
T242075099067,
T242254057065,
T243053252043,
T243153023105,
T243187227111,
T244008189081,
T244157063110,
T245049147179,
T245225170159,
T245241122029,
T246010078220,
T246128120147,
T246191162159,
T246209147071,
T246234046059,
T247150124139,
T249015074213,
T249049140097,
T249066122070,
T251084043155,
T251234141132,
T251237025181,
T253093211118,
T254025182131,
T254078068205,
T255047189153,
T80212896,
T80214279,
T80214289,
T80214643,
T80229963,
T80296594,
T80297652,
T80297690,
T80381188,
T80394592,
T80394594,
T80398204,
T80517879,
T80589681,
T81855168,
T82808046,
T82808159,
T82810068,
T83931365,
T88414807,
T91040376,
T91047112,
T91048122,
T91048123,
T91048124,
T92656676,
T92835504,
T92851915,
T92886354,
T94166163,
T94172565,
T96104270,
T96112474,
T96113713,
T97087390,
T97199356,
T97446556,
TENMDOUBLES-AIN01,
TENMDOUBLES-ARG01,
TENMDOUBLES-ARG02,
TENMDOUBLES-AUS01,
TENMDOUBLES-AUS02,
TENMDOUBLES-BEL01,
TENMDOUBLES-BRA01,
TENMDOUBLES-CAN01,
TENMDOUBLES-CHI01,
TENMDOUBLES-CRO01,
TENMDOUBLES-CZE01,
TENMDOUBLES-ESP01,
TENMDOUBLES-ESP02,
TENMDOUBLES-FRA01,
TENMDOUBLES-FRA02,
TENMDOUBLES-GBR01,
TENMDOUBLES-GBR02,
TENMDOUBLES-GER01,
TENMDOUBLES-GER02,
TENMDOUBLES-GRE01,
TENMDOUBLES-HUN01,
TENMDOUBLES-IND01,
TENMDOUBLES-ITA01,
TENMDOUBLES-ITA02,
TENMDOUBLES-JPN01,
TENMDOUBLES-KAZ01,
TENMDOUBLES-LBN01,
TENMDOUBLES-NED01,
TENMDOUBLES-NED02,
TENMDOUBLES-POL01,
TENMDOUBLES-POR01,
TENMDOUBLES-USA01,
TENMDOUBLES-USA02,
TENWDOUBLES-AIN01,
TENWDOUBLES-AIN02,
TENWDOUBLES-ARG01,
TENWDOUBLES-AUS01,
TENWDOUBLES-AUS02,
TENWDOUBLES-BRA01,
TENWDOUBLES-CAN01,
TENWDOUBLES-CHN01,
TENWDOUBLES-CHN02,
TENWDOUBLES-CZE01,
TENWDOUBLES-CZE02,
TENWDOUBLES-ESP01,
TENWDOUBLES-FRA01,
TENWDOUBLES-FRA02,
TENWDOUBLES-GBR01,
TENWDOUBLES-GER01,
TENWDOUBLES-GER02,
TENWDOUBLES-GRE01,
TENWDOUBLES-ITA01,
TENWDOUBLES-ITA02,
TENWDOUBLES-JPN01,
TENWDOUBLES-NED01,
TENWDOUBLES-NZL01,
TENWDOUBLES-POL01,
TENWDOUBLES-ROU01,
TENWDOUBLES-ROU02,
TENWDOUBLES-TPE01,
TENWDOUBLES-TPE02,
TENWDOUBLES-UKR01,
TENWDOUBLES-UKR02,
TENWDOUBLES-USA01,
TENWDOUBLES-USA02,
TENXDOUBLES-AIN01,
TENXDOUBLES-ARG01,
TENXDOUBLES-AUS01,
TENXDOUBLES-BRA01,
TENXDOUBLES-CAN01,
TENXDOUBLES-CHN01,
TENXDOUBLES-CRO01,
TENXDOUBLES-CZE01,
TENXDOUBLES-DEN01,
TENXDOUBLES-ESP01,
TENXDOUBLES-FRA01,
TENXDOUBLES-GBR01,
TENXDOUBLES-GER01,
TENXDOUBLES-GRE01,
TENXDOUBLES-ITA01,
TENXDOUBLES-JPN01,
TENXDOUBLES-NED01,
TENXDOUBLES-SUI01,
TENXDOUBLES-USA01,
TRIXTEAM4---AUS01,
TRIXTEAM4---AUT01,
TRIXTEAM4---BEL01,
TRIXTEAM4---BRA01,
TRIXTEAM4---ESP01,
TRIXTEAM4---FRA01,
TRIXTEAM4---GBR01,
TRIXTEAM4---GER01,
TRIXTEAM4---ITA01,
TRIXTEAM4---MEX01,
TRIXTEAM4---NED01,
TRIXTEAM4---NOR01,
TRIXTEAM4---NZL01,
TRIXTEAM4---POR01,
TRIXTEAM4---SUI01,
TRIXTEAM4---USA01,
TTEMTEAM----AUS01,
TTEMTEAM----BRA01,
TTEMTEAM----CAN01,
TTEMTEAM----CHN01,
TTEMTEAM----CRO01,
TTEMTEAM----DEN01,
TTEMTEAM----EGY01,
TTEMTEAM----FRA01,
TTEMTEAM----GER01,
TTEMTEAM----IND01,
TTEMTEAM----JPN01,
TTEMTEAM----KOR01,
TTEMTEAM----POR01,
TTEMTEAM----SLO01,
TTEMTEAM----SWE01,
TTEMTEAM----TPE01,
TTEWTEAM----AUS01,
TTEWTEAM----BRA01,
TTEWTEAM----CHN01,
TTEWTEAM----EGY01,
TTEWTEAM----FRA01,
TTEWTEAM----GER01,
TTEWTEAM----HKG01,
TTEWTEAM----IND01,
TTEWTEAM----JPN01,
TTEWTEAM----KOR01,
TTEWTEAM----POL01,
TTEWTEAM----ROU01,
TTEWTEAM----SWE01,
TTEWTEAM----THA01,
TTEWTEAM----TPE01,
TTEWTEAM----USA01,
TTEXDOUBLES-AUS01,
TTEXDOUBLES-BRA01,
TTEXDOUBLES-CHN01,
TTEXDOUBLES-CUB01,
TTEXDOUBLES-EGY01,
TTEXDOUBLES-ESP01,
TTEXDOUBLES-FRA01,
TTEXDOUBLES-GER01,
TTEXDOUBLES-HKG01,
TTEXDOUBLES-HUN01,
TTEXDOUBLES-JPN01,
TTEXDOUBLES-KOR01,
TTEXDOUBLES-PRK01,
TTEXDOUBLES-ROU01,
TTEXDOUBLES-SWE01,
TTEXDOUBLES-TPE01,
VBVMTEAM2---AUS01,
VBVMTEAM2---AUS02,
VBVMTEAM2---AUT01,
VBVMTEAM2---BRA01,
VBVMTEAM2---BRA02,
VBVMTEAM2---CAN01,
VBVMTEAM2---CHI01,
VBVMTEAM2---CUB01,
VBVMTEAM2---CZE01,
VBVMTEAM2---ESP01,
VBVMTEAM2---FRA01,
VBVMTEAM2---FRA02,
VBVMTEAM2---GER01,
VBVMTEAM2---ITA01,
VBVMTEAM2---ITA02,
VBVMTEAM2---MAR01,
VBVMTEAM2---NED01,
VBVMTEAM2---NED02,
VBVMTEAM2---NOR01,
VBVMTEAM2---POL01,
VBVMTEAM2---QAT01,
VBVMTEAM2---SWE01,
VBVMTEAM2---USA01,
VBVMTEAM2---USA02,
VBVWTEAM2---AUS01,
VBVWTEAM2---BRA01,
VBVWTEAM2---BRA02,
VBVWTEAM2---CAN01,
VBVWTEAM2---CAN02,
VBVWTEAM2---CHN01,
VBVWTEAM2---CZE01,
VBVWTEAM2---EGY01,
VBVWTEAM2---ESP01,
VBVWTEAM2---ESP02,
VBVWTEAM2---FRA01,
VBVWTEAM2---FRA02,
VBVWTEAM2---GER01,
VBVWTEAM2---GER02,
VBVWTEAM2---ITA01,
VBVWTEAM2---JPN01,
VBVWTEAM2---LAT01,
VBVWTEAM2---LTU01,
VBVWTEAM2---NED01,
VBVWTEAM2---PAR01,
VBVWTEAM2---SUI01,
VBVWTEAM2---SUI02,
VBVWTEAM2---USA01,
VBVWTEAM2---USA02,
VVOMTEAM6---ARG01,"['1908234', '1908241', '1908245', '1908251', '1908254', '1908255', '1908257', '1908259']"
VVOMTEAM6---BRA01,"['1964423', '1964444', '1964448', '1964452', '1964457', '1964468', '1964477', '1964481', '1964485', '1973727']"
VVOMTEAM6---CAN01,"['1901253', '1901256', '1901258', '1901261', '1901264', '1901268', '9430001']"
VVOMTEAM6---EGY01,"['1909734', '1909742', '1909843', '1909887', '1909923', '1910307', '1978688', '4119109']"
VVOMTEAM6---FRA01,"['1574076', '1574078', '1574080', '1574082', '1574086', '1574088', '1574090', '1574095']"
VVOMTEAM6---GER01,"['1562963', '1562973', '1562974', '1562976', '1562977', '1562978', '1562982', '1562983', '1900190']"
VVOMTEAM6---ITA01,"['1921141', '1921142', '1921143', '1921147', '1921182', '1921186', '1921187', '1922377']"
VVOMTEAM6---JPN01,"['1918553', '1918556', '1918558', '1918560', '1918568', '1918569', '1918570']"
VVOMTEAM6---POL01,"['1902914', '1902917', '1902918', '1902919', '1902920', '1902922', '1902924', '1902927', '1902928', '9430003', '9430004']"
VVOMTEAM6---SLO01,"['1980939', '1980987', '1980988', '1981343', '1981356', '1981696', '1981697', '1982298', '1982396']"
VVOMTEAM6---SRB01,"['1948979', '1948980', '1948981', '1948982', '1948983', '1948985', '1948986', '1949067', '9430002']"
VVOMTEAM6---USA01,"['1918015', '1918016', '1918018', '1918019', '1918020', '1918022', '1918024', '1918025', '1918026']"
VVOWTEAM6---BRA01,"['1964426', '1964434', '1964436', '1964453', '1964455', '1964456', '1964473', '1964492']"
VVOWTEAM6---CHN01,"['1898540', '1913681', '1913682', '1913683', '1913686', '1913690', '1913692']"
VVOWTEAM6---DOM01,"['1908649', '1908654', '1908664', '1908689', '1908805', '1908808', '1908814']"
VVOWTEAM6---FRA01,"['1572648', '1572650', '1572652', '1572653', '1572654', '1572656', '1572660']"
VVOWTEAM6---ITA01,"['1921148', '1921149', '1921150', '1921151', '1921189', '1921191', '1921192', '1921193', '1922381', '9430008']"
VVOWTEAM6---JPN01,"['1918532', '1918536', '1918541', '1918543', '1918571', '1918572', '1918573']"
VVOWTEAM6---KEN01,"['1940783', '1941188', '1941189', '1941660', '1943051']"
VVOWTEAM6---NED01,"['1973462', '1973520', '1973524', '1973525', '1973526', '1973532']"
VVOWTEAM6---POL01,"['1928465', '1928466', '1928467', '1928468', '1928469', '1928470', '1928472', '1928477', '1928480', '9430005', '9430006']"
VVOWTEAM6---SRB01,"['1888131', '1888372', '1888495', '1949063', '1949064', '1949065', '1949066', '1949067', '1949069']"
VVOWTEAM6---TUR01,"['1878948', '1878950', '1878952', '1878956', '1878959', '1879040', '1879043', '1879044']"
VVOWTEAM6---USA01,"['1917718', '1917720', '1917721', '1917722', '1917723', '1917725', '1917727', '1917731', '1917868', '1918022', '1935670']"
WPOMTEAM7---AUS01,"['1947623', '1947638', '1968247', '9450002', '9450003']"
WPOMTEAM7---CRO01,"['1915796', '1915797', '1915807', '9450012', '9450013']"
WPOMTEAM7---ESP01,"['1957223', '1957224', '1957225', '9450023', '9450025']"
WPOMTEAM7---FRA01,"['1906462', '1906468', '9450026', '9450027']"
WPOMTEAM7---GRE01,"['1968492', '1968495', '9450016', '9450017', '9450042']"
WPOMTEAM7---HUN01,"['1940967', '1941327', '1942828', '9450028', '9450029']"
WPOMTEAM7---ITA01,"['1925565', '1925590', '1925591', '9450014', '9450015']"
WPOMTEAM7---JPN01,"['1891653', '1891659', '1891667', '9450030', '9450031']"
WPOMTEAM7---MNE01,"['1568648', '1568650', '9450037', '9450038']"
WPOMTEAM7---ROU01,"['1556249', '1556250', '1556255', '9450021', '9450022']"
WPOMTEAM7---SRB01,"['1956472', '1956473', '1956476', '9450010', '9450011']"
WPOMTEAM7---USA01,"['1908401', '1908402', '1908403', '9450040', '9450041']"
WPOWTEAM7---AUS01,"['1947628', '1947636', '1947637', '9450002', '9450032']"
WPOWTEAM7---CAN01,"['1967468', '1967471', '1967472', '9450006', '9450007']"
WPOWTEAM7---CHN01,"['1927270', '1927271', '1927274', '9450008', '9450009']"
WPOWTEAM7---ESP01,"['1957222', '1957226', '1957227', '9450023', '9450024']"
WPOWTEAM7---FRA01,"['1906448', '1906454', '9450039']"
WPOWTEAM7---GRE01,"['1968484', '1968489', '1968491', '9450016', '9450018']"
WPOWTEAM7---HUN01,"['1940930', '1941075', '1941198', '9450004', '9450005']"
WPOWTEAM7---ITA01,"['1925566', '1925620', '9450001', '9450019', '9450020']"
WPOWTEAM7---NED01,"['1968864', '1968868', '1968871', '9450033', '9450034']"
WPOWTEAM7---USA01,"['1908408', '1908409', '1908410', '9450035', '9450036']"